source,destination,permanent
https://vivadzen.com/blog/toadstools-and-microdosing/,https://vivadzen.com/blog/Muchomurky-a-microdosing,true
https://vivadzen.com/cz/muchomurky-a-microdosing/,https://vivadzen.com/cz/blog/Muchomurky-a-microdosing,true
https://vivadzen.com/cz/objevte-jedinecnost-a-nadrazenost-cerveny-borneo-kratom-drceny-list/,https://vivadzen.com/cz/blog/red-borneo-kratom-crushed-leaf,true
https://vivadzen.com/es/hoja-triturada-de-kratom-rojo-de-borneo/,https://vivadzen.com/es/blog/red-borneo-kratom-crushed-leaf,true
https://vivadzen.com/blog/red-borneo-kratom-crushed-leaf/,https://vivadzen.com/blog/red-borneo-kratom-crushed-leaf,true
https://vivadzen.com/de/red-borneo-kratom-zerkleinerte-blaetter/,https://vivadzen.com/de/blog/red-borneo-kratom-crushed-leaf,true
https://vivadzen.com/about-us/,https://vivadzen.com/about,true
https://vivadzen.com/cz/o-nas/,https://vivadzen.com/cz/about,true
https://vivadzen.com/de/uber-uns/,https://vivadzen.com/de/about,true
https://vivadzen.com/ua/pro-nas/,https://vivadzen.com/ua/about,true
https://vivadzen.com/ru/pro-nas/,https://vivadzen.com/ua/ru/about,true
https://vivadzen.com/contact-us/,https://vivadzen.com/contacts,true
https://vivadzen.com/cz/kontakt/,https://vivadzen.com/cz/contacts,true
https://vivadzen.com/de/kontakt/,https://vivadzen.com/de/contacts,true
https://vivadzen.com/ua/kontakty/,https://vivadzen.com/ua/contacts,true
https://vivadzen.com/es/contact-us/,https://vivadzen.com/es/contacts,true
https://vivadzen.com/ru/kontakty/,https://vivadzen.com/ua/ru/contacts,true
https://vivadzen.com/products-quality-tests/,https://vivadzen.com/certificates,true
https://vivadzen.com/cz/certifikaty-a-testy-vyrobku/,https://vivadzen.com/cz/certificates,true
https://vivadzen.com/de/certifikaty-a-testy-vyrobku/,https://vivadzen.com/de/certificates,true
https://vivadzen.com/es/pruebas-y-certificados-de-calidad-del-producto/,https://vivadzen.com/es/certificates,true
https://vivadzen.com/cz/novinky-obchodu-argyreia-nervosa/,https://vivadzen.com/cz/blog/new-in-store-argyreia-nervosa,true
https://vivadzen.com/blog/new-in-store-argyreia-nervosa/,https://vivadzen.com/blog/new-in-store-argyreia-nervosa,true
https://vivadzen.com/ua/novynky-magazynu-gavajska-troyanda/,https://vivadzen.com/ua/blog/new-in-store-argyreia-nervosa,true
https://vivadzen.com/ru/novinki-argyreia-nervosa-gavajskaya-roza/,https://vivadzen.com/ua/ru/blog/new-in-store-argyreia-nervosa,true
https://vivadzen.com/vseobecne-obchodni-podminky/,https://vivadzen.com/terms,true
https://vivadzen.com/vivadzen-zasady-ochrany-osobnich-udaju/,https://vivadzen.com/policy,true
https://vivadzen.com/zasady-vraceni-penez/,https://vivadzen.com/returns,true
https://vivadzen.com/viva-dzen-shop/,https://vivadzen.com/catalog,true
https://vivadzen.com/product-category/entheogens/,https://vivadzen.com/entheogeny,true
https://vivadzen.com/product-category/superfoods/,https://vivadzen.com/superpotraviny,true
https://vivadzen.com/product-category/teas/,https://vivadzen.com/caje-2,true
https://vivadzen.com/product-category/coffee/,https://vivadzen.com/kava-2,true
https://vivadzen.com/product-category/kratom/,https://vivadzen.com/kratom,true
https://vivadzen.com/product-category/mushrooms/,https://vivadzen.com/houby,true
https://vivadzen.com/cz/vseobecne-obchodni-podminky/,https://vivadzen.com/cz/terms,true
https://vivadzen.com/cz/vivadzen-zasady-ochrany-osobnich-udaju/,https://vivadzen.com/cz/policy,true
https://vivadzen.com/cz/zasady-vraceni-penez/,https://vivadzen.com/cz/returns,true
https://vivadzen.com/cz/viva-dzen-shop/,https://vivadzen.com/cz/catalog,true
https://vivadzen.com/cz/product-category/legal-kanabinoidy/,https://vivadzen.com/cz/konopi,true
https://vivadzen.com/cz/product-category/entheogeny/,https://vivadzen.com/cz/entheogeny,true
https://vivadzen.com/cz/product-category/superpotraviny/,https://vivadzen.com/cz/superpotraviny,true
https://vivadzen.com/cz/product-category/caj/,https://vivadzen.com/cz/caje-2,true
https://vivadzen.com/cz/product-category/kava/,https://vivadzen.com/cz/kava-2,true
https://vivadzen.com/cz/product-category/caje-kava/,https://vivadzen.com/cz/caje-kava,true
https://vivadzen.com/cz/product-category/kratom/,https://vivadzen.com/cz/kratom,true
https://vivadzen.com/cz/product-category/mushrooms/,https://vivadzen.com/cz/houby,true
https://vivadzen.com/cz/platba-a-doruceni/,https://vivadzen.com/cz/delivery,true
https://vivadzen.com/platba-a-doruceni/,https://vivadzen.com/delivery,true
https://vivadzen.com/de/viva-dzen-shop/,https://vivadzen.com/de/catalog,true
https://vivadzen.com/de/product-category/legal-kanabinoidy/,https://vivadzen.com/de/konopi,true
https://vivadzen.com/de/product-category/mushrooms/,https://vivadzen.com/de/houby,true
https://vivadzen.com/de/viva-dzen-shop/?filter_product_cat=entheogeny,https://vivadzen.com/de/entheogeny,true
https://vivadzen.com/de/product-category/superpotraviny/,https://vivadzen.com/de/superpotraviny,true
https://vivadzen.com/de/product-category/kratom/,https://vivadzen.com/de/kratom,true
https://vivadzen.com/de/zahlung-und-lieferung/,https://vivadzen.com/de/payment,true
https://vivadzen.com/de/allgemeine-geschaeftsbedingungen/,https://vivadzen.com/de/terms,true
https://vivadzen.com/de/vivadzen-datenschutzerklaerung/,https://vivadzen.com/de/policy,true
https://vivadzen.com/de/zasady-vraceni-penez/,https://vivadzen.com/de/returns,true
https://vivadzen.com/ua/viva-dzen-shop/,https://vivadzen.com/ua/catalog,true
https://vivadzen.com/ua/product-category/entheogeny/,https://vivadzen.com/ua/entheogeny,true
https://vivadzen.com/ua/product-category/griby/,https://vivadzen.com/ua/houby,true
https://vivadzen.com/ua/product-category/seperfoody/,https://vivadzen.com/ua/superpotraviny,true
https://vivadzen.com/ua/product-category/caj/,https://vivadzen.com/ua/caje-2,true
https://vivadzen.com/ua/product-category/kava/,https://vivadzen.com/ua/kava-2,true
https://vivadzen.com/ua/oplata-ta-dostavka/,https://vivadzen.com/ua/delivery,true
https://vivadzen.com/ua/zahalni-polozhennia-ta-umovy/,https://vivadzen.com/ua/terms,true
https://vivadzen.com/ru/viva-dzen-shop/,https://vivadzen.com/ua/ru/catalog,true
https://vivadzen.com/ru/product-category/entheogeny/,https://vivadzen.com/ua/ru/entheogeny,true
https://vivadzen.com/ru/product-category/griby/,https://vivadzen.com/ua/ru/houby,true
https://vivadzen.com/ru/product-category/seperfoody/,https://vivadzen.com/ua/ru/superpotraviny,true
https://vivadzen.com/ru/product-category/caj/,https://vivadzen.com/ua/ru/caje-2,true
https://vivadzen.com/ru/product-category/kava/,https://vivadzen.com/ua/ru/kava-2,true
https://vivadzen.com/es/politica-de-privacidad/,https://vivadzen.com/es/policy,true
https://vivadzen.com/es/politica-de-reembolso/,https://vivadzen.com/es/returns,true
https://vivadzen.com/es/terminos-y-condiciones-generales/,https://vivadzen.com/es/terms,true
https://vivadzen.com/es/viva-dzen-shop/,https://vivadzen.com/es/catalog,true
https://vivadzen.com/es/product-category/entheogens/,https://vivadzen.com/es/entheogeny,true
https://vivadzen.com/es/product-category/kratom/,https://vivadzen.com/es/kratom,true
https://vivadzen.com/es/product-category/kratom/liquid-kratom/,https://vivadzen.com/es/liquid-kratom,true
https://vivadzen.com/es/product-category/kratom/kratom-pills/,https://vivadzen.com/es/kratomove-tablety,true
https://vivadzen.com/es/product-category/kratom/kratom-powder/,https://vivadzen.com/es/kratom-prasek,true
https://vivadzen.com/product-category/teas/black/,https://vivadzen.com/cerna-2,true
https://vivadzen.com/product-category/teas/green/,https://vivadzen.com/zelena-2,true
https://vivadzen.com/product-category/teas/herbal/,https://vivadzen.com/bylinne-2,true
https://vivadzen.com/product-category/kratom/liquid-kratomu/,https://vivadzen.com/liquid-kratom,true
https://vivadzen.com/product-category/kratom/kratom-pills/,https://vivadzen.com/kratomove-tablety,true
https://vivadzen.com/product-category/kratom/other-kratom-products/,https://vivadzen.com/dalsi-kratomove-produkty,true
https://vivadzen.com/product-category/kratom/accessories-kratom/,https://vivadzen.com/prislusenstvi,true
https://vivadzen.com/cz/product-category/kratom/liquid-kratomu/,https://vivadzen.com/cz/liquid-kratom,true
https://vivadzen.com/cz/product-category/kratom/kratom-prasek/,https://vivadzen.com/cz/kratom-prasek,true
https://vivadzen.com/cz/product-category/kratom/kratomove-tablety/,https://vivadzen.com/cz/kratomove-tablety,true
https://vivadzen.com/cz/product-category/kratom/dalsi-kratomove-produkty/,https://vivadzen.com/cz/dalsi-kratomove-produkty,true
https://vivadzen.com/cz/product-category/kratom/prislusenstvi-kratom/,https://vivadzen.com/cz/prislusenstvi,true
https://vivadzen.com/cz/product-category/legal-kanabinoidy/cbd/,https://vivadzen.com/cz/cbd,true
https://vivadzen.com/cz/product-category/legal-kanabinoidy/cbd/cartridge-cbd/,https://vivadzen.com/cz/cartridge-5,true
https://vivadzen.com/cz/product-category/legal-kanabinoidy/cbd/kvety-cbd/,https://vivadzen.com/cz/kvety,true
https://vivadzen.com/cz/product-category/legal-kanabinoidy/cbd/potraviny-s-cbd/,https://vivadzen.com/cz/potraviny-s-cbd,true
https://vivadzen.com/cz/product-category/legal-kanabinoidy/cbd/kosmetika-s-cbd/,https://vivadzen.com/cz/kosmetika-s-cbd,true
https://vivadzen.com/cz/product-category/legal-kanabinoidy/cbd/gummies-cbd/,https://vivadzen.com/cz/gummies-2,true
https://vivadzen.com/cz/product-category/legal-kanabinoidy/cbd/vape-cbd/,https://vivadzen.com/cz/vape-5,true
https://vivadzen.com/cz/product-category/legal-kanabinoidy/cbd/ostatni/,https://vivadzen.com/cz/ostatni-2,true
https://vivadzen.com/cz/product-category/legal-kanabinoidy/cbd/liquid-cbd/,https://vivadzen.com/cz/liquid-2,true
https://vivadzen.com/cz/product-category/legal-kanabinoidy/cbd/napoje-s-cbd/,https://vivadzen.com/cz/napoje-s-cbd,true
https://vivadzen.com/cz/product-category/legal-kanabinoidy/cbd/oleje-cbd/,https://vivadzen.com/cz/cbd-kapky-2,true
https://vivadzen.com/cz/product-category/legal-kanabinoidy/cbd/preroll-cbd/,https://vivadzen.com/cz/preroll-5,true
https://vivadzen.com/cz/product-category/legal-kanabinoidy/oleje/,https://vivadzen.com/cz/cbd-kapky,true
https://vivadzen.com/cz/product-category/legal-kanabinoidy/seminka/,https://vivadzen.com/cz/seminka,true
https://vivadzen.com/cz/product-category/legal-kanabinoidy/h4cbd/,https://vivadzen.com/cz/h4cbd,true
https://vivadzen.com/cz/product-category/legal-kanabinoidy/h4cbd/cartridge-h4cbd/,https://vivadzen.com/cz/cartridge-6,true
https://vivadzen.com/cz/product-category/legal-kanabinoidy/h4cbd/kvety-h4cbd/,https://vivadzen.com/cz/kvety-7,true
https://vivadzen.com/cz/product-category/legal-kanabinoidy/h4cbd/gummies-h4cbd/,https://vivadzen.com/cz/gummies-3,true
https://vivadzen.com/cz/product-category/legal-kanabinoidy/h4cbd/vape-h4cbd/,https://vivadzen.com/cz/vape-6,true
https://vivadzen.com/cz/product-category/legal-kanabinoidy/h4cbd/hash-h4cbd/,https://vivadzen.com/cz/hash,true
https://vivadzen.com/cz/product-category/legal-kanabinoidy/thhc/,https://vivadzen.com/cz/thhc,true
https://vivadzen.com/cz/product-category/legal-kanabinoidy/thhc/cartridge/,https://vivadzen.com/cz/cartridge-2,true
https://vivadzen.com/cz/product-category/legal-kanabinoidy/thhc/kvety-thhc/,https://vivadzen.com/cz/kvety-9,true
https://vivadzen.com/cz/product-category/legal-kanabinoidy/thhc/vape/,https://vivadzen.com/cz/vape-4,true
https://vivadzen.com/cz/product-category/legal-kanabinoidy/thhc/preroll-thhc/,https://vivadzen.com/cz/preroll-6,true
https://vivadzen.com/cz/product-category/legal-kanabinoidy/cbg9/,https://vivadzen.com/cz/cbg9,true
https://vivadzen.com/cz/product-category/legal-kanabinoidy/cbg9/preroll-cbg9/,https://vivadzen.com/cz/preroll-3,true
https://vivadzen.com/cz/product-category/legal-kanabinoidy/cbg9/kvety-cbg9/,https://vivadzen.com/cz/kvety-5,true
https://vivadzen.com/cz/product-category/legal-kanabinoidy/thc-x/,https://vivadzen.com/cz/thc-x,true
https://vivadzen.com/cz/product-category/legal-kanabinoidy/thc-x/cartridge-thc-x/,https://vivadzen.com/cz/cartridge-8,true
https://vivadzen.com/cz/product-category/legal-kanabinoidy/thc-x/kvety/,https://vivadzen.com/cz/kvety-8,true
https://vivadzen.com/cz/product-category/legal-kanabinoidy/thc-x/preroll/,https://vivadzen.com/cz/preroll-7,true
https://vivadzen.com/cz/product-category/legal-kanabinoidy/nano10/,https://vivadzen.com/cz/nano10,true
https://vivadzen.com/cz/product-category/legal-kanabinoidy/10-oh-hhc/,https://vivadzen.com/cz/10-oh-hhc,true
https://vivadzen.com/cz/product-category/legal-kanabinoidy/10-oh-hhc/cartridge-10-oh-hhc/,https://vivadzen.com/cz/cartridge-4,true
https://vivadzen.com/cz/product-category/legal-kanabinoidy/10-oh-hhc/kvety-10-oh-hhc/,https://vivadzen.com/cz/kvety-4,true
https://vivadzen.com/cz/product-category/legal-kanabinoidy/10-oh-hhc/vape-10-oh-hhc/,https://vivadzen.com/cz/vape-2,true
https://vivadzen.com/cz/product-category/legal-kanabinoidy/10-oh-hhc/dab/,https://vivadzen.com/cz/dab,true
https://vivadzen.com/cz/product-category/legal-kanabinoidy/10-oh-hhc/10-%d0%be%d0%bd-%d0%bd%d0%bd%d1%81-edibles/,https://vivadzen.com/cz/10-on-nns-edibles,true
https://vivadzen.com/cz/product-category/legal-kanabinoidy/10-oh-hhc/moon-rock/,https://vivadzen.com/cz/moon-rock,true
https://vivadzen.com/cz/product-category/legal-kanabinoidy/10-oh-hhc/preroll-10-oh-hhc/,https://vivadzen.com/cz/preroll-4,true
https://vivadzen.com/cz/product-category/legal-kanabinoidy/10-oh-hhc/hash/,https://vivadzen.com/cz/hash-2,true
https://vivadzen.com/cz/product-category/legal-kanabinoidy/10-oh-hhc/gummies/,https://vivadzen.com/cz/gummies,true
https://vivadzen.com/cz/product-category/legal-kanabinoidy/10-oh-hhc/liquid/,https://vivadzen.com/cz/liquid,true
https://vivadzen.com/cz/product-category/legal-kanabinoidy/th4c/,https://vivadzen.com/cz/th4c,true
https://vivadzen.com/cz/product-category/legal-kanabinoidy/th4c/cartridge-th4c/,https://vivadzen.com/cz/cartridge,true
https://vivadzen.com/cz/product-category/legal-kanabinoidy/th4c/preroll-th4c/,https://vivadzen.com/cz/preroll,true
https://vivadzen.com/cz/product-category/legal-kanabinoidy/th4c/kvety-th4c/,https://vivadzen.com/cz/kvety-2,true
https://vivadzen.com/cz/product-category/legal-kanabinoidy/th4c/vape-th4c/,https://vivadzen.com/cz/vape,true
https://vivadzen.com/cz/product-category/legal-kanabinoidy/thc-f1/,https://vivadzen.com/cz/thc-f1,true
https://vivadzen.com/cz/product-category/legal-kanabinoidy/thc-f1/cartridge-thc-f1/,https://vivadzen.com/cz/cartridge-3,true
https://vivadzen.com/cz/product-category/legal-kanabinoidy/thc-f1/kvety-thc-f1/,https://vivadzen.com/cz/kvety-3,true
https://vivadzen.com/cz/product-category/legal-kanabinoidy/thc-f1/vape-thc-f1/,https://vivadzen.com/cz/vape-3,true
https://vivadzen.com/cz/product-category/legal-kanabinoidy/thc-f1/preroll-thc-f1/,https://vivadzen.com/cz/preroll-2,true
https://vivadzen.com/cz/product-category/legal-kanabinoidy/prislusenstvi/,https://vivadzen.com/cz/prislusenstvi-2,true
https://vivadzen.com/cz/product-category/legal-kanabinoidy/prislusenstvi/vaporizacni-pero/,https://vivadzen.com/cz/vaporizacni-pero,true
https://vivadzen.com/cz/product-category/legal-kanabinoidy/prislusenstvi/zapalovace/,https://vivadzen.com/cz/papirky-a-filtry,true
https://vivadzen.com/cz/product-category/legal-kanabinoidy/prislusenstvi/zapalovace-prislusenstvi/,https://vivadzen.com/cz/zapalovace,true
https://vivadzen.com/cz/product-category/legal-kanabinoidy/prislusenstvi/trubky/,https://vivadzen.com/cz/trubky,true
https://vivadzen.com/cz/product-category/legal-kanabinoidy/prislusenstvi/bongy/,https://vivadzen.com/cz/bongy,true
https://vivadzen.com/cz/product-category/legal-kanabinoidy/prislusenstvi/nadobky/,https://vivadzen.com/cz/nadobky,true
https://vivadzen.com/cz/product-category/legal-kanabinoidy/prislusenstvi/popelnik/,https://vivadzen.com/cz/popelnik,true
https://vivadzen.com/cz/product-category/legal-kanabinoidy/prislusenstvi/cones/,https://vivadzen.com/cz/cones,true
https://vivadzen.com/cz/product-category/legal-kanabinoidy/prislusenstvi/drticky/,https://vivadzen.com/cz/drticky,true
https://vivadzen.com/cz/product-category/caje-kava/caj/bylinne/,https://vivadzen.com/cz/bylinne-2,true
https://vivadzen.com/cz/product-category/caje-kava/caj/cerna/,https://vivadzen.com/cz/cerna-2,true
https://vivadzen.com/cz/product-category/caje-kava/caj/zelena/,https://vivadzen.com/cz/zelena-2,true
https://vivadzen.com/cz/product-category/caje-kava/caj/ostatni-caj/,https://vivadzen.com/cz/ostatni-3,true
https://vivadzen.com/cz/product-category/caje-kava/kava/zrnkova/,https://vivadzen.com/cz/zrnkova-2,true
https://vivadzen.com/cz/product-category/caje-kava/kava/mleta/,https://vivadzen.com/cz/mleta-2,true
https://vivadzen.com/cz/produkt/pre-roll-pouzdro/,https://vivadzen.com/cz/pre-roll-pouzdro,true
https://vivadzen.com/cz/produkt/orange-county-cbd-vape-pen-sour-apple-250mg-cbd-250mg-cbg-3-ml/,https://vivadzen.com/cz/orange-county-cbd-vape-pen-sour-apple-250mg-cbd-250mg-cbg-3-ml,true
https://vivadzen.com/cz/produkt/10-oh-hhc-preroll-super-strong-green-crack/,https://vivadzen.com/cz/10-oh-hhc-preroll-super-strong-green-crack,true
https://vivadzen.com/cz/produkt/hemnia-cbd-oil-20-thc-free-2000-mg-10-ml/,https://vivadzen.com/cz/hemnia-cbd-oil-20-thc-free-2000-mg-10-ml,true
https://vivadzen.com/cz/produkt/bione-cannabis-lip-balm-5-ml/,https://vivadzen.com/cz/bione-cannabis-lip-balm-5-ml,true
https://vivadzen.com/cz/produkt/konopny-tata-cbd-naplasti-1000-mg-cbd-10-pcs/,https://vivadzen.com/cz/konopny-tata-cbd-naplasti-1000-mg-cbd-10-pcs,true
https://vivadzen.com/cz/produkt/sklenena-dymka/,https://vivadzen.com/cz/sklenena-dymka,true
https://vivadzen.com/cz/produkt/puro-zrnkova-kava-bio-light-roast-250g/,https://vivadzen.com/cz/puro-zrnkova-kava-bio-light-roast-250g,true
https://vivadzen.com/cz/produkt/rolls69-smart-filter-10ks/,https://vivadzen.com/cz/rolls69-smart-filter-10ks,true
https://vivadzen.com/cz/produkt/juicy-jay-big-size-rolling-papers/,https://vivadzen.com/cz/juicy-jay-big-size-rolling-papers,true
https://vivadzen.com/cz/produkt/agushie-powder/,https://vivadzen.com/cz/agushie-powder-500g,true
https://vivadzen.com/cz/produkt/ashwaganda-v-kapsli/,https://vivadzen.com/cz/ashwaganda-extrakt-v-kapslich-100-kapsli-40g,true
https://vivadzen.com/cz/produkt/palmero-mini-strawberry-2x-palm-leaf-wraps-0-8g/,https://vivadzen.com/cz/palmero-mini-strawberry-2x-palm-leaf-wraps-0-8g,true
https://vivadzen.com/cz/produkt/puro-zrnkova-kava-fuerte-250g/,https://vivadzen.com/cz/puro-zrnkova-kava-fuerte-250g,true
https://vivadzen.com/cz/produkt/thhc-vape-pen-05ml-inferno/,https://vivadzen.com/cz/thhc-vape-pen-0-5ml-inferno,true
https://vivadzen.com/cz/produkt/konopny-tata-cbd-patches-600-mg-cbd-30-pcs/,https://vivadzen.com/cz/konopny-tata-cbd-patches-600-mg-cbd-30-pcs,true
https://vivadzen.com/cz/produkt/enecta-cbd-oil-10-1000-mg-10-ml/,https://vivadzen.com/cz/enecta-cbd-oil-10-1000-mg-10-ml,true
https://vivadzen.com/cz/produkt/10-oh-hhc-amnesia-haze-pre-roll/,https://vivadzen.com/cz/10-oh-hhc-amnesia-haze-pre-roll,true
https://vivadzen.com/cz/produkt/crispy-gari/,https://vivadzen.com/cz/crispy-gari,true
https://vivadzen.com/cz/produkt/sum-hemp-coffee-bio-250g-classic-hemp/,https://vivadzen.com/cz/sum-hemp-coffee-bio-250g-classic-hemp,true
https://vivadzen.com/cz/produkt/tyson-2-0-cricket-lighter-black/,https://vivadzen.com/cz/tyson-2-0-cricket-lighter-black,true
https://vivadzen.com/cz/produkt/dawadawa/,https://vivadzen.com/cz/dawadawa-25g,true
https://vivadzen.com/cz/produkt/palmero-rollie-3x-palm-leaf-wraps-0-5g/,https://vivadzen.com/cz/palmero-rollie-3x-palm-leaf-wraps-0-5g,true
https://vivadzen.com/cz/produkt/orange-county-cbd-vape-pen-cool-menthol-250mg-cbd-250mg-cbg-3-ml/,https://vivadzen.com/cz/orange-county-cbd-vape-pen-cool-menthol-250mg-cbd-250mg-cbg-3-ml,true
https://vivadzen.com/cz/produkt/cbd-purple-black-snake/,https://vivadzen.com/cz/cbd-purple-black-snake,true
https://vivadzen.com/cz/produkt/royal-queen-seeds-glass-pipe/,https://vivadzen.com/cz/royal-queen-seeds-glass-pipe,true
https://vivadzen.com/cz/produkt/cannio-10-oh-hhc-pre-roll/,https://vivadzen.com/cz/cannio-10-oh-hhc-pre-roll-white-widow,true
https://vivadzen.com/cz/produkt/happease-relief-cbd-oil-lemon-tree-30-cbd-3000-mg-10-ml/,https://vivadzen.com/cz/happease-relief-cbd-oil-lemon-tree-30-cbd-3000-mg-10-ml,true
https://vivadzen.com/cz/produkt/happease-create-cbd-oil-purple-rain-5-cbd-500-mg-10-ml/,https://vivadzen.com/cz/happease-create-cbd-oil-purple-rain-5-cbd-500-mg-10-ml,true
https://vivadzen.com/cz/produkt/battery-for-cartridge-380-mah-510-thread-usb-charger/,https://vivadzen.com/cz/battery-for-cartridge-380-mah-510-thread-usb-charger,true
https://vivadzen.com/cz/produkt/corydalis-yan-hu-suo-mlety-koren/,https://vivadzen.com/cz/corydalis-yan-hu-suo-mlety-koren-25g,true
https://vivadzen.com/cz/produkt/happy-caps-bylinne-kapsle/,https://vivadzen.com/cz/happy-caps-bylinne-kapsle-special-k,true
https://vivadzen.com/cz/produkt/banisteriopsis-caapi-vine-susene-listy/,https://vivadzen.com/cz/banisteriopsis-caapi-vine-susene-listy-20g,true
https://vivadzen.com/cz/produkt/slehackova-bomba-exotic-whip-2kg/,https://vivadzen.com/cz/slehackova-bomba-exotic-whip-2kg-coconut,true
https://vivadzen.com/cz/produkt/czech-cbd-10-oh-hhc-jelly/,https://vivadzen.com/cz/czech-cbd-10-oh-hhc-jelly-200mg-strawberry,true
https://vivadzen.com/cz/produkt/best-buds-grinder-gelato-lemon-berries-cone-4-parts/,https://vivadzen.com/cz/best-buds-grinder-gelato-lemon-berries-cone-4-parts,true
https://vivadzen.com/cz/produkt/best-buds-grinder-gelato-blueberry-tropical-fruits-4-parts/,https://vivadzen.com/cz/best-buds-grinder-gelato-blueberry-tropical-fruits-4-parts,true
https://vivadzen.com/cz/produkt/royal-queen-seeds-card-grinder-rqs-2-parts/,https://vivadzen.com/cz/royal-queen-seeds-card-grinder-rqs-2-parts,true
https://vivadzen.com/cz/produkt/palmero-slim-2x-palm-leaf-wraps-1-25g/,https://vivadzen.com/cz/palmero-slim-2x-palm-leaf-wraps-1-25g,true
https://vivadzen.com/cz/produkt/raw-original-tips-%ef%ac%81ltry/,https://vivadzen.com/cz/raw-original-tips-ltry,true
https://vivadzen.com/cz/produkt/royal-queen-seeds-metal-embossed-grinder-amsterdam/,https://vivadzen.com/cz/royal-queen-seeds-metal-embossed-grinder-amsterdam,true
https://vivadzen.com/cz/produkt/royal-queen-seeds-pollinator-grinder-4-parts-60-mm/,https://vivadzen.com/cz/royal-queen-seeds-pollinator-grinder-4-parts-60-mm,true
https://vivadzen.com/cz/produkt/royal-queen-seeds-grinder-small-window-2-parts-48-mm/,https://vivadzen.com/cz/royal-queen-seeds-grinder-small-window-2-parts-48-mm,true
https://vivadzen.com/cz/produkt/royal-queen-seeds-metal-embossed-grinder-4-parts-50mm/,https://vivadzen.com/cz/royal-queen-seeds-metal-embossed-grinder-4-parts-50mm,true
https://vivadzen.com/cz/produkt/groove-micro-hourglass-rig-clear-and-black-bong/,https://vivadzen.com/cz/groove-micro-hourglass-rig-clear-and-black-bong,true
https://vivadzen.com/cz/produkt/the-bulldog-metal-embossed-pipe-set-rainbow-83-mm/,https://vivadzen.com/cz/the-bulldog-metal-embossed-pipe-set-rainbow-83-mm,true
https://vivadzen.com/cz/produkt/monkey-king-rolling-papers-with-filter-tips-smell-of-mojito/,https://vivadzen.com/cz/monkey-king-rolling-papers-with-filter-tips-smell-of-mojito,true
https://vivadzen.com/cz/produkt/narcos-white-edition-king-size-slim-rolling-papers/,https://vivadzen.com/cz/narcos-white-edition-king-size-slim-rolling-papers,true
https://vivadzen.com/cz/produkt/raw-papers-king-size-rolls-3m/,https://vivadzen.com/cz/raw-papers-king-size-rolls-3m,true
https://vivadzen.com/cz/produkt/euphoria-cbd-disposable-vape-pen-cactus-lemon-2-ml/,https://vivadzen.com/cz/euphoria-cbd-disposable-vape-pen-cactus-lemon-2-ml,true
https://vivadzen.com/cz/produkt/euphoria-rolling-papers-kingsize-slim/,https://vivadzen.com/cz/euphoria-rolling-papers-kingsize-slim,true
https://vivadzen.com/cz/produkt/nano10-ultra-pink-pre-roll-0-8g/,https://vivadzen.com/cz/nano10-ultra-pink-pre-roll-0-8g,true
https://vivadzen.com/cz/produkt/tongkat-ali-extract-v-kapslich/,https://vivadzen.com/cz/tongkat-ali-extract-v-kapslich-50-kapsli-25g,true
https://vivadzen.com/cz/produkt/zensen-extrakt-v-kapslich/,https://vivadzen.com/cz/zensen-extrakt-v-kapslich-50-kapsli-20g,true
https://vivadzen.com/cz/produkt/ashwaganda-extrakt-v-kapslich/,https://vivadzen.com/cz/ashwaganda-extrakt-v-kapslich-100-kapsli-40g,true
https://vivadzen.com/cz/produkt/10-oh-hhc-mini-buds-1-5g/,https://vivadzen.com/cz/10-oh-hhc-mini-buds-1-5g,true
https://vivadzen.com/cz/produkt/best-buds-pipsy-metal-pipe-with-mini-grinder-4-colors/,https://vivadzen.com/cz/best-buds-pipsy-metal-pipe-with-mini-grinder-4-colors-modra,true
https://vivadzen.com/cz/produkt/hemnia-cbd-vegan-gummies-fruit-mix-300-mg-cbd-30-pcs-x-10-mg-80-g/,https://vivadzen.com/cz/hemnia-cbd-vegan-gummies-fruit-mix-300-mg-cbd-30-pcs-x-10-mg-80-g,true
https://vivadzen.com/cz/produkt/canapu%ef%ac%80-10-oh-hhc-preroll-10-oh-hhc-60-2g/,https://vivadzen.com/cz/canapu-10-oh-hhc-preroll-10-oh-hhc-60-2g-rainbow-runtz,true
https://vivadzen.com/cz/produkt/euphoria-h4cbd-disposable-vape-pen-grape-mint-h4cbd-50-2-ml/,https://vivadzen.com/cz/euphoria-h4cbd-disposable-vape-pen-h4cbd-50-2-ml-mango,true
https://vivadzen.com/cz/produkt/euphoria-cbd-disposable-vape-pen-2-ml/,https://vivadzen.com/cz/euphoria-cbd-disposable-vape-pen-2-ml-heisenberg,true
https://vivadzen.com/cz/produkt/czech-cbd-10-oh-hhc-preroll-alien-og-2g/,https://vivadzen.com/cz/czech-cbd-10-oh-hhc-preroll-alien-og-2g,true
https://vivadzen.com/cz/produkt/bulk-straining-bags-synthetic-10/,https://vivadzen.com/cz/bulk-straining-bag,true
https://vivadzen.com/cz/produkt/canntropy-10-oh-hhc-premium-cannabinoid-oil-10-oh-hhc-10ml/,https://vivadzen.com/cz/canntropy-10-oh-hhc-premium-cannabinoid-oil-10-10-oh-hhc-10ml,true
https://vivadzen.com/cz/produkt/czech-cbd-10-oh-hhc-chocolate-lego-50-mg-10-oh-hhc/,https://vivadzen.com/cz/czech-cbd-10-oh-hhc-chocolate-lego-50-mg-10-oh-hhc,true
https://vivadzen.com/cz/produkt/euphoria-h4cbd-gummies-strawberry-3-pcs-x-40-mg-120-mg/,https://vivadzen.com/cz/euphoria-h4cbd-gummies-3-pcs-x-40-mg-120-mg-jablko,true
https://vivadzen.com/cz/produkt/czech-cbd-10-oh-hhc-chocolate-brownie-60-mg-10-oh-hhc/,https://vivadzen.com/cz/czech-cbd-10-oh-hhc-chocolate-brownie-60-mg-10-oh-hhc,true
https://vivadzen.com/cz/produkt/enecta-cbnight-gummies-30-pcs-150-mg-cbd-4-5-mg-melatonin-60-g/,https://vivadzen.com/cz/enecta-cbnight-gummies-30-pcs-150-mg-cbd-4-5-mg-melatonin-60-g,true
https://vivadzen.com/cz/produkt/canntropy-10-oh-hhc-vape-pen-orange-creamsicle/,https://vivadzen.com/cz/canntropy-10-oh-hhc-vape-pen-orange-creamsicle-10-oh-hhc-97-quality-2ml,true
https://vivadzen.com/cz/produkt/eighty8-10-oh-hhc-vape-pen-2-ml/,https://vivadzen.com/cz/eighty8-vape-pen-96-10-oh-hhc-2-ml-super-strong-gsc,true
https://vivadzen.com/cz/produkt/delta-munchies-10-oh-hhc-10-oh-hhcp-lil-ripper-vape-pen-2g/,https://vivadzen.com/cz/delta-munchies-10-oh-hhc-10-oh-hhcp-lil-ripper-vape-pen-2g-pineapple-express,true
https://vivadzen.com/cz/produkt/canapu%ef%ac%80-10-oh-hhc-liquid-rainbow-runtz-1500-mg/,https://vivadzen.com/cz/canapu-10-oh-hhc-liquid-rainbow-runtz-1500-mg-10-oh-hhc-10-ml,true
https://vivadzen.com/cz/produkt/kava-kava-extrakt/,https://vivadzen.com/cz/vivadzen-kava-kava-extrakt-30ml,true
https://vivadzen.com/cz/produkt/thhc-vape-pen-1ml/,https://vivadzen.com/cz/cannio-thhc-vape-pen-1ml-exodus,true
https://vivadzen.com/cz/produkt/cbd-plutonium-pre-roll/,https://vivadzen.com/cz/cbd-plutonium-pre-roll,true
https://vivadzen.com/cz/produkt/cbd-mango-rock-pre-roll/,https://vivadzen.com/cz/cbd-mango-rock-pre-roll,true
https://vivadzen.com/cz/produkt/cbd-mango-cheese-pre-roll/,https://vivadzen.com/cz/cbd-mango-cheese-pre-roll,true
https://vivadzen.com/cz/produkt/bubbly-billy-buds-mango-flavoured-36-mg-cbd/,https://vivadzen.com/cz/bubbly-billy-buds-mango-flavoured-36-mg-cbd,true
https://vivadzen.com/cz/produkt/canntropy-h4cbd-cartridge-gorilla-glue-95-h4cbd-1-ml/,https://vivadzen.com/cz/canntropy-h4cbd-cartridge-gorilla-glue-95-h4cbd-1-ml,true
https://vivadzen.com/cz/produkt/nature-cure-full-spectrum-cbd-oil-10-1000-mg-10-ml/,https://vivadzen.com/cz/nature-cure-full-spectrum-cbd-oil-10-1000-mg-10-ml,true
https://vivadzen.com/cz/produkt/cannabellum-cbd-sport-massage-gel-200-ml/,https://vivadzen.com/cz/cannabellum-cbd-sport-massage-gel-200-ml,true
https://vivadzen.com/cz/produkt/eighty8-cbd-live-resin-vape-lemon-cherry-gelato/,https://vivadzen.com/cz/eighty8-cbd-live-resin-vape-lemon-cherry-gelato-92-cbd-2-ml,true
https://vivadzen.com/cz/produkt/cannastra-cbc-disposable-vape-pen-astral-awakening-cbc/,https://vivadzen.com/cz/cannastra-cbc-disposable-vape-pen-astral-awakening-cbc-98-quality-1-ml,true
https://vivadzen.com/cz/produkt/endoca-balm-lips-and-skin-20-mg-cbd-5-ml/,https://vivadzen.com/cz/endoca-balm-lips-and-skin-20-mg-cbd-5-ml,true
https://vivadzen.com/cz/produkt/endoca-hemp-salve-250-mg-cbd-10-ml/,https://vivadzen.com/cz/endoca-hemp-salve-250-mg-cbd-10-ml,true
https://vivadzen.com/cz/produkt/canapuff-h4cbd-gummies-5-pcs-x-25-mg-h4cbd-125-mg/,https://vivadzen.com/cz/canapuff-h4cbd-gummies-5-pcs-x-25-mg-h4cbd-125-mg-jablko,true
https://vivadzen.com/cz/produkt/hemnia-h4cbd-and-cbd-vape-pen-spiritual-center/,https://vivadzen.com/cz/hemnia-premium-functional-h4cbd-and-cbd-vape-pen-spiritual-center-50-h4cbd-45-cbd-tulsi-gotu-kola-sage-1ml,true
https://vivadzen.com/cz/produkt/hemnia-full-spectrum-pain-relief-cbg-oil-20-cbg-5-cbd-2000-mg-10-ml/,https://vivadzen.com/cz/hemnia-full-spectrum-pain-relief-cbg-oil-20-cbg-5-cbd-2000-mg-10-ml,true
https://vivadzen.com/cz/produkt/happease-sleep-cbd-oil-mountain-river-5-cbd-500-mg-10-ml/,https://vivadzen.com/cz/happease-sleep-cbd-oil-mountain-river-5-cbd-500-mg-10-ml,true
https://vivadzen.com/cz/produkt/happease-focus-cbd-oil-jungle-spirit-5-cbd-500-mg-10-ml/,https://vivadzen.com/cz/happease-focus-cbd-oil-jungle-spirit-5-cbd-500-mg-10-ml,true
https://vivadzen.com/cz/produkt/euphoria-cbd-oil-5-10-ml-500-mg/,https://vivadzen.com/cz/euphoria-cbd-oil-5-10-ml-500-mg,true
https://vivadzen.com/cz/produkt/hemnia-cbd-vegan-gummies-fruit-mix/,https://vivadzen.com/cz/hemnia-cbd-vegan-gummies-fruit-mix-750-mg-cbd-30-pcs-x-25-mg-90-g,true
https://vivadzen.com/cz/produkt/hemnia-full-spectrum-cbd-hemp-oil-10-1000-mg-10ml/,https://vivadzen.com/cz/hemnia-full-spectrum-cbd-hemp-oil-10-1000-mg-10ml,true
https://vivadzen.com/cz/produkt/cannaline-cbd-caj/,https://vivadzen.com/cz/cannaline-cbd-caj-detox,true
https://vivadzen.com/cz/produkt/cannaline-cbd-hemp-oil-thc-free-40-4000-mg-10-ml/,https://vivadzen.com/cz/cannaline-cbd-hemp-oil-thc-free-40-4000-mg-10-ml,true
https://vivadzen.com/cz/produkt/cannaline-cbd-hemp-oil-thc-free/,https://vivadzen.com/cz/cannaline-cbd-hemp-oil-thc-free-5-500-mg-10-ml,true
https://vivadzen.com/cz/produkt/cannaline-cbd-hemp-oil-thc-free-10-1000-mg-10-ml/,https://vivadzen.com/cz/cannaline-cbd-hemp-oil-thc-free-10-1000-mg-10-ml,true
https://vivadzen.com/cz/produkt/happease-balance-cbd-oil-strawberry-field/,https://vivadzen.com/cz/happease-balance-cbd-oil-strawberry-field-10-cbd-1000mg-10-ml,true
https://vivadzen.com/cz/produkt/cannaline-cbd-hemp-oil-thc-free-5-500-mg-10-ml/,https://vivadzen.com/cz/cannaline-cbd-hemp-oil-thc-free-5-500-mg-10-ml,true
https://vivadzen.com/cz/produkt/hemnia-full-spectrum-pain-relief-cbg-oil-5-cbg-5-cbd-500-mg-10-ml/,https://vivadzen.com/cz/hemnia-full-spectrum-pain-relief-cbg-oil-5-cbg-5-cbd-500-mg-10-ml,true
https://vivadzen.com/cz/produkt/euphoria-cbd-oil-25-10-ml-2500-mg/,https://vivadzen.com/cz/euphoria-cbd-oil-25-10-ml-2500-mg,true
https://vivadzen.com/cz/produkt/cannabigold-oil-relief-15-135-cbd-15-cbg-1800-mg-12-ml/,https://vivadzen.com/cz/cannabigold-oil-relief-15-13-5-cbd-1-5-cbg-1800-mg-12-ml,true
https://vivadzen.com/cz/produkt/hemnia-cbd-oil-10-thc-free-1000-mg-10-ml/,https://vivadzen.com/cz/hemnia-cbd-oil-10-thc-free-1000-mg-10-ml,true
https://vivadzen.com/cz/produkt/happease-create-cbd-oil-purple-rain-10-cbd-1000-mg-10-ml/,https://vivadzen.com/cz/happease-create-cbd-oil-purple-rain-10-cbd-1000-mg-10-ml,true
https://vivadzen.com/cz/produkt/euphoria-cbd-oil-10-10-ml-1000-mg/,https://vivadzen.com/cz/euphoria-cbd-oil-10-10-ml-1000-mg,true
https://vivadzen.com/cz/produkt/hemnia-cbd-oil-30-thc-free-3000-mg-10-ml/,https://vivadzen.com/cz/hemnia-cbd-oil-30-thc-free-3000-mg-10-ml,true
https://vivadzen.com/cz/produkt/nature-cure-full-spectrum-cbd-oil-30-3000-mg-10-ml/,https://vivadzen.com/cz/nature-cure-full-spectrum-cbd-oil-30-3000-mg-10-ml,true
https://vivadzen.com/cz/produkt/happease-relax-cbd-oil-tropical-sunrise-30-cbd-3000-mg-10-ml/,https://vivadzen.com/cz/happease-relax-cbd-oil-tropical-sunrise-30-cbd-3000-mg-10-ml,true
https://vivadzen.com/cz/produkt/hemnia-full-spectrum-cbd-hemp-oil-25-2500-mg-10-ml/,https://vivadzen.com/cz/hemnia-full-spectrum-cbd-hemp-oil-25-2500-mg-10-ml,true
https://vivadzen.com/cz/produkt/canapuff-10-oh-hhc-cartridge-king-luis-xiii/,https://vivadzen.com/cz/canapuff-10-oh-hhc-cartridge-king-luis-xiii,true
https://vivadzen.com/cz/produkt/canapuff-10-oh-hhc-cartridge-king-luis-xiii-2/,https://vivadzen.com/cz/canapuff-10-oh-hhc-cartridge-king-luis-xiii,true
https://vivadzen.com/cz/produkt/canapuff-10-oh-hhc-cartridge-rainbow-runtz/,https://vivadzen.com/cz/canapuff-10-oh-hhc-cartridge-rainbow-runtz,true
https://vivadzen.com/cz/produkt/canapuff-10-oh-hhc-pen-cartridge-super-lemon-haze/,https://vivadzen.com/cz/canapuff-10-oh-hhc-pen-cartridge-super-lemon-haze,true
https://vivadzen.com/cz/produkt/cannabis-bakehouse-cbd-fruit-gummies-30g-22-pcs-x-4-mg-cbd/,https://vivadzen.com/cz/cannabis-bakehouse-cbd-fruit-gummies-30g-22-pcs-x-4-mg-cbd,true
https://vivadzen.com/cz/produkt/palmero-mini-blueberry-2x-palm-leaf-wraps-0-8g/,https://vivadzen.com/cz/palmero-mini-blueberry-2x-palm-leaf-wraps-0-8g,true
https://vivadzen.com/cz/produkt/canapuff-10-oh-hhc-flower-donny-burger-1g/,https://vivadzen.com/cz/canapuff-10-oh-hhc-flower-donny-burger-1g,true
https://vivadzen.com/cz/produkt/cannaline-cbd-tea-deep-sleep-30g/,https://vivadzen.com/cz/cannaline-cbd-tea-deep-sleep-30g,true
https://vivadzen.com/cz/produkt/canntropy-cbd-liquid-dosi-kush-cbd-10-10-ml/,https://vivadzen.com/cz/canntropy-cbd-liquid-dosi-kush-cbd-10-10-ml,true
https://vivadzen.com/cz/produkt/orange-county-cbd-e-liquid-cbd-300-mg-10-ml/,https://vivadzen.com/cz/orange-county-cbd-e-liquid-cbd-300-mg-10-ml-cherry-og-kush,true
https://vivadzen.com/cz/produkt/super-strong-cartridge-10-oh-hhc/,https://vivadzen.com/cz/eighty8-super-strong-cartridge-10-oh-hhc-og-kush,true
https://vivadzen.com/cz/produkt/10-oh-hhc-preroll-super-strong-animal-mints/,https://vivadzen.com/cz/10-oh-hhc-preroll-super-strong-animal-mints,true
https://vivadzen.com/cz/produkt/10-oh-hhc-preroll-super-strong-mimosa/,https://vivadzen.com/cz/10-oh-hhc-preroll-super-strong-mimosa,true
https://vivadzen.com/cz/produkt/10-oh-hhc-preroll-super-strong-la-mota/,https://vivadzen.com/cz/10-oh-hhc-preroll-super-strong-la-mota,true
https://vivadzen.com/cz/produkt/10-oh-hhc-preroll-super-strong-apple-fritter/,https://vivadzen.com/cz/10-oh-hhc-preroll-super-strong-apple-fritter,true
https://vivadzen.com/cz/produkt/10-oh-hhc-extract-super-strong-honey-dab-1g/,https://vivadzen.com/cz/10-oh-hhc-extract-super-strong-honey-dab-1g,true
https://vivadzen.com/cz/produkt/cbd-konopny-olej-20-full-spectrum-10ml/,https://vivadzen.com/cz/cbd-konopny-olej-20-full-spectrum-10ml,true
https://vivadzen.com/cz/produkt/euphoria-cellulose-ceramic-carbon-filter-10-pc/,https://vivadzen.com/cz/euphoria-cellulose-ceramic-carbon-filter-10-kusu,true
https://vivadzen.com/cz/produkt/the-bulldog-original-silver-king-size-slim-rolling-papers-tips/,https://vivadzen.com/cz/the-bulldog-original-silver-king-size-slim-rolling-papers-tips,true
https://vivadzen.com/cz/produkt/the-original-cones-cones-original-giga-1x-paper-pack/,https://vivadzen.com/cz/the-original-cones-cones-original-giga-1x-paper-pack,true
https://vivadzen.com/cz/produkt/thhc-cartridge-1ml/,https://vivadzen.com/cz/cannio-thhc-cartridge-1ml-hardcore,true
https://vivadzen.com/cz/produkt/thhc-pre-roll/,https://vivadzen.com/cz/cannio-thhc-pre-roll-hardcore,true
https://vivadzen.com/cz/produkt/thhc-vape-pen-05ml-blitz/,https://vivadzen.com/cz/thhc-vape-pen-0-5ml-blitz,true
https://vivadzen.com/cz/produkt/thhc-vape-pen-05ml-magnum/,https://vivadzen.com/cz/thhc-vape-pen-0-5ml-magnum,true
https://vivadzen.com/cz/produkt/thhc-vape-pen-05ml-nitro/,https://vivadzen.com/cz/thhc-vape-pen-0-5ml-nitro,true
https://vivadzen.com/cz/produkt/cbd-mango-cheese/,https://vivadzen.com/cz/cbd-mango-cheese,true
https://vivadzen.com/cz/produkt/cbd-mango-rock/,https://vivadzen.com/cz/cbd-mango-rock,true
https://vivadzen.com/cz/produkt/cbd-critical-kush/,https://vivadzen.com/cz/cbd-critical-kush,true
https://vivadzen.com/cz/produkt/cbd-strawberry-kush/,https://vivadzen.com/cz/cbd-strawberry-kush,true
https://vivadzen.com/cz/produkt/cbd-amnesia/,https://vivadzen.com/cz/cbd-amnesia,true
https://vivadzen.com/cz/produkt/instantni-kava-kava-vivadzen/,https://vivadzen.com/cz/instantni-kava-kava-vivadzen-25g,true
https://vivadzen.com/cz/produkt/kanna-extrakt/,https://vivadzen.com/cz/kanna-sceletium-tortuosum-extrakt-10-1-1g,true
https://vivadzen.com/cz/produkt/high-candy-kanna-gummies-300mg/,https://vivadzen.com/cz/high-candy-kanna-gummies-300mg,true
https://vivadzen.com/cz/produkt/blue-lotus-stoner-bites-gummies-300mg/,https://vivadzen.com/cz/blue-lotus-stoner-bites-gummies-300mg,true
https://vivadzen.com/cz/produkt/cibdol-complete-sleep-5-cbn-a-25-cbd-10ml/,https://vivadzen.com/cz/cibdol-complete-sleep-5-cbn-a-2-5-cbd-10ml,true
https://vivadzen.com/cz/produkt/euphoria-cbd-olej-5-10-ml-cold-flu/,https://vivadzen.com/cz/euphoria-cbd-olej-5-10-ml-cold-flu,true
https://vivadzen.com/cz/produkt/nano10-kvety/,https://vivadzen.com/cz/nano10-kvety,true
https://vivadzen.com/cz/produkt/cannabigold-oil-best-10-9-cbd-1-cbg-1200-mg-12-ml/,https://vivadzen.com/cz/cannabigold-oil-best-10-9-cbd-1-cbg-1200-mg-12-ml,true
https://vivadzen.com/cz/produkt/kung-fu-cinsky-horsky-organicky-cerny-caj/,https://vivadzen.com/cz/kung-fu-cinsky-horsky-organicky-cerny-caj,true
https://vivadzen.com/cz/produkt/zelena-mlha-cinsky-horsky-organicky-zeleny-caj/,https://vivadzen.com/cz/zelena-mlha-cinsky-horsky-organicky-zeleny-caj,true
https://vivadzen.com/cz/produkt/tongkat-ali-extract/,https://vivadzen.com/cz/tongkat-ali-extract,true
https://vivadzen.com/cz/produkt/euphoria-cartridge-10-oh-hhc/,https://vivadzen.com/cz/euphoria-cartridge-95-6-10-oh-hhc-1-ml-zkittlez,true
https://vivadzen.com/cz/produkt/snow-white-h4cbd-puffix/,https://vivadzen.com/cz/snow-white-h4cbd,true
https://vivadzen.com/cz/produkt/blue-dream-h4cbd/,https://vivadzen.com/cz/blue-dream-h4cbd,true
https://vivadzen.com/cz/produkt/lemon-gelato-h4cbd/,https://vivadzen.com/cz/lemon-gelato-h4cbd,true
https://vivadzen.com/cz/produkt/purple-haze-h4cbd/,https://vivadzen.com/cz/purple-haze-h4cbd,true
https://vivadzen.com/cz/produkt/zensen/,https://vivadzen.com/cz/zensen-prasek-50g,true
https://vivadzen.com/cz/produkt/the-bulldog-ruzova-plastova-drticka/,https://vivadzen.com/cz/the-bulldog-ruzova-plastova-drticka,true
https://vivadzen.com/cz/produkt/canapuff-disposable-vape-pen-super-lemon-haze/,https://vivadzen.com/cz/canapuff-disposable-vape-pen-super-lemon-haze-10-oh-hhc-95-1-ml,true
https://vivadzen.com/cz/produkt/canapuff-disposable-vape-pen-rainbow-runtz-10-oh-hhc-95-1-ml/,https://vivadzen.com/cz/canapuff-disposable-vape-pen-rainbow-runtz-10-oh-hhc-95-1-ml,true
https://vivadzen.com/cz/produkt/canapuff-disposable-vape-pen-king-luis/,https://vivadzen.com/cz/canapuff-disposable-vape-pen-king-luis-xiii-10-oh-hhc-95-1-ml,true
https://vivadzen.com/cz/produkt/canapuff-disposable-vape-pen-donny-burger/,https://vivadzen.com/cz/canapuff-disposable-vape-pen-donny-burger-10-oh-hhc-95-1-ml,true
https://vivadzen.com/cz/produkt/the-bulldog-bila-eco-drticka/,https://vivadzen.com/cz/the-bulldog-bila-eco-drticka,true
https://vivadzen.com/cz/produkt/the-bulldog-cerna-eco-drticka/,https://vivadzen.com/cz/the-bulldog-cerna-eco-drticka,true
https://vivadzen.com/cz/produkt/the-bulldog-original-stribrna-kovova-drticka/,https://vivadzen.com/cz/the-bulldog-original-stribrna-kovova-drticka,true
https://vivadzen.com/cz/produkt/masazni-konopny-olej-chladivy/,https://vivadzen.com/cz/masazni-konopny-olej-chladivy,true
https://vivadzen.com/cz/produkt/puro-zrnkova-kava-bez-kofeinu-250g/,https://vivadzen.com/cz/puro-zrnkova-kava-bez-kofeinu-250g,true
https://vivadzen.com/cz/produkt/alienpuff-cone-280mm/,https://vivadzen.com/cz/alienpuff-cone-280mm,true
https://vivadzen.com/cz/produkt/rucne-vyrobena-dymka/,https://vivadzen.com/cz/rucne-vyrobena-dymka,true
https://vivadzen.com/cz/produkt/extra-panensky-olivovy-olej-s-cbd/,https://vivadzen.com/cz/olivovy-olej-s-cbd,true
https://vivadzen.com/cz/produkt/puro-zrnkova-kava-bio-dark-roast-250g/,https://vivadzen.com/cz/puro-zrnkova-kava-bio-dark-roast-250g,true
https://vivadzen.com/cz/produkt/cannastra-10-oh-hhcp-cartridge-bubblegum-telescope/,https://vivadzen.com/cz/cannastra-10-oh-hhcp-cartridge-bubblegum-telescope-10-oh-hhcp-94-quality-1-ml,true
https://vivadzen.com/cz/produkt/puro-jemne-mleta-250g/,https://vivadzen.com/cz/puro-jemne-mleta-250g,true
https://vivadzen.com/cz/produkt/cannastra-10-oh-hhc-flower-robot-dreams-97-quality-3-g/,https://vivadzen.com/cz/cannastra-10-oh-hhc-flower-robot-dreams-97-quality-3-g,true
https://vivadzen.com/cz/produkt/cannastra-10-oh-hhc-flower-colour-of-magic-97-quality-3-g/,https://vivadzen.com/cz/cannastra-10-oh-hhc-flower-colour-of-magic-97-quality-3-g,true
https://vivadzen.com/cz/produkt/cannastra-10-oh-hhc-hash-ice-breaker-90-quality-3-g/,https://vivadzen.com/cz/cannastra-10-oh-hhc-hash-ice-breaker-90-quality-3-g,true
https://vivadzen.com/cz/produkt/canntropy-10-oh-hhc-flower-tropicana-punch/,https://vivadzen.com/cz/canntropy-10-oh-hhc-flower-tropicana-punch-10-oh-hhc-97-quality-3-g,true
https://vivadzen.com/cz/produkt/jack-herer-cbd-pre-rolled-joints-6-pack/,https://vivadzen.com/cz/cannio-jack-herer-cbd-pre-rolled-joints-6-pack,true
https://vivadzen.com/cz/produkt/cannastra-10-oh-hhcp-cartridge-raspberry-space-race/,https://vivadzen.com/cz/cannastra-10-oh-hhcp-cartridge-raspberry-space-race-10-oh-hhcp-94-quality-1-ml,true
https://vivadzen.com/cz/produkt/heavens-haze-10-oh-hhc-gummies-10-pcs/,https://vivadzen.com/cz/heavens-haze-10-oh-hhc-gummies-10-pcs-meloun-vodni,true
https://vivadzen.com/cz/produkt/canapuff-10-oh-hhc-flower/,https://vivadzen.com/cz/canapuff-10-oh-hhc-flower-10-oh-hhc-99-3g-donny-burger,true
https://vivadzen.com/cz/produkt/relax-jack-herer-1g/,https://vivadzen.com/cz/relax-jack-herer-1g,true
https://vivadzen.com/cz/produkt/cannio-spojeni-sweet-dream-1g/,https://vivadzen.com/cz/cannio-spojeni-sweet-dream-1g,true
https://vivadzen.com/cz/produkt/cannabis-bakehouse-cbd-power-sleep-gummies/,https://vivadzen.com/cz/cannabis-bakehouse-cbd-power-sleep-gummies-300-mg-20-pcs-x-15-mg-cbd,true
https://vivadzen.com/cz/produkt/canntropy-10-oh-hhc-liquid-sweet-island-skunk/,https://vivadzen.com/cz/canntropy-10-oh-hhc-liquid-sweet-island-skunk-10-oh-hhc-97-quality-10-ml,true
https://vivadzen.com/cz/produkt/canntropy-10-oh-hhc-vape-pen-dutch-hawaian/,https://vivadzen.com/cz/canntropy-10-oh-hhc-vape-pen-dutch-hawaian-97-quality-1-ml,true
https://vivadzen.com/cz/produkt/ashwaganda/,https://vivadzen.com/cz/ashwaganda-50g,true
https://vivadzen.com/cz/produkt/canntropy-cartridge-laughing-buddha/,https://vivadzen.com/cz/canntropy-10-oh-hhc-cartridge-laughing-buddha-97-quality-1-ml,true
https://vivadzen.com/cz/produkt/canntropy-10-oh-hhc-liquid-white-truffle/,https://vivadzen.com/cz/canntropy-10-oh-hhc-liquid-white-truffle-10-oh-hhc-97-quality-10-ml,true
https://vivadzen.com/cz/produkt/heavens-haze-10-oh-hhc-gummies-3-pcs/,https://vivadzen.com/cz/heavens-haze-10-oh-hhc-gummies-3-pcs-orange-kush,true
https://vivadzen.com/cz/produkt/canntropy-10-oh-hhc-cartridge-blue-dream/,https://vivadzen.com/cz/canntropy-10-oh-hhc-cartridge-blue-dream-97-quality-1-ml,true
https://vivadzen.com/cz/produkt/cannastra-10-oh-hhc-cartridge-lemon-star-cruise/,https://vivadzen.com/cz/cannastra-10-oh-hhc-cartridge-lemon-star-cruise-10-oh-hhc-97-quality-1-ml,true
https://vivadzen.com/cz/produkt/cannastra-10-oh-hhc-cartridge-mango-exploration/,https://vivadzen.com/cz/cannastra-10-oh-hhc-cartridge-mango-exploration-10-oh-hhc-97-quality-1-ml,true
https://vivadzen.com/cz/produkt/canntropy-10-oh-hhc-prerolls-tangie-dream/,https://vivadzen.com/cz/canntropy-10-oh-hhc-prerolls-tangie-dream-97-quality-1-5-g,true
https://vivadzen.com/cz/produkt/canntropy-10-oh-hhc-vape-pen-strawberry-cough/,https://vivadzen.com/cz/canntropy-10-oh-hhc-vape-pen-strawberry-cough-97-quality-1ml,true
https://vivadzen.com/cz/produkt/lemon-cherry-cookies-auto-seminka/,https://vivadzen.com/cz/lemon-cherry-cookies-auto,true
https://vivadzen.com/cz/produkt/gorilla-cookies-auto-seminka/,https://vivadzen.com/cz/gorilla-cookies-auto,true
https://vivadzen.com/cz/produkt/cannastra-10-oh-hhc-hash-ice-breaker-90-quality-1-g-100-g/,https://vivadzen.com/cz/cannastra-10-oh-hhc-hash-ice-breaker-90-quality-3-g,true
https://vivadzen.com/cz/produkt/canntropy-10-oh-hhc-hash-rainbow-kush/,https://vivadzen.com/cz/canntropy-10-oh-hhc-hash-rainbow-kush-97-quality-1-g,true
https://vivadzen.com/cz/produkt/cannastra-cbg9-kvet-fruity-big-bang/,https://vivadzen.com/cz/cannastra-cbg9-kvet-fruity-big-bang,true
https://vivadzen.com/cz/produkt/gorilla-zkittlez-auto-seminka/,https://vivadzen.com/cz/gorilla-zkittlez-auto-seminka,true
https://vivadzen.com/cz/produkt/banana-purple-punch-auto-seminka/,https://vivadzen.com/cz/banana-purple-punch-auto-seminka,true
https://vivadzen.com/cz/produkt/strawberry-gorilla-auto-seminka/,https://vivadzen.com/cz/strawberry-gorilla-auto-seminka,true
https://vivadzen.com/cz/produkt/enecta-cbd-konopny-olej-3-300-mg-10-ml/,https://vivadzen.com/cz/enecta-cbd-konopny-olej-3-300-mg-10-ml,true
https://vivadzen.com/cz/produkt/euphoria-cbd-olej-5-s-terpeny-10-ml-500-mg-energy-vitality/,https://vivadzen.com/cz/euphoria-cbd-olej-5-s-terpeny-10-ml-500-mg-energy-vitality,true
https://vivadzen.com/cz/produkt/euphoria-cbd-olej-10-s-terpeny-10-ml-1000-mg-sleep-well/,https://vivadzen.com/cz/euphoria-cbd-olej-10-s-terpeny-10-ml-1000-mg-sleep-well,true
https://vivadzen.com/cz/produkt/euphoria-cbd-olej-5-s-terpeny-10-ml-500-mg-mind-relax/,https://vivadzen.com/cz/euphoria-cbd-olej-5-s-terpeny-10-ml-500-mg-mind-relax,true
https://vivadzen.com/cz/produkt/canapuff-caribbean-breeze-65-cbg9-kvety/,https://vivadzen.com/cz/canapuff-caribbean-breeze-65-cbg9-kvety,true
https://vivadzen.com/cz/produkt/euphoria-cbd-olej-5-s-terpeny-10-ml-500-mg-memory-focus/,https://vivadzen.com/cz/euphoria-cbd-olej-5-s-terpeny-10-ml-500-mg-memory-focus,true
https://vivadzen.com/cz/produkt/heavens-haze-10-oh-hhc-pre-roll/,https://vivadzen.com/cz/heavens-haze-10-oh-hhc-pre-roll-gorilla-glue,true
https://vivadzen.com/cz/produkt/harmony-cbd-olej-ve-spreji-1500-mg-15-ml-citrus/,https://vivadzen.com/cz/harmony-cbd-olej-ve-spreji-1500-mg-15-ml-citrus,true
https://vivadzen.com/cz/produkt/cannaline-cbd-konopny-olej-10-1000-mg-10-ml/,https://vivadzen.com/cz/cannaline-cbd-konopny-olej-10-1000-mg-10-ml,true
https://vivadzen.com/cz/produkt/enecta-cbday-strong-full-spectrum-30-cbd-olej-10-ml/,https://vivadzen.com/cz/enecta-cbday-strong-full-spectrum-30-cbd-olej-10-ml,true
https://vivadzen.com/cz/produkt/vykon-orange-bud-krabicka-1g/,https://vivadzen.com/cz/vykon-orange-bud-krabicka-1g,true
https://vivadzen.com/cz/produkt/spanek-blueberry-skunk-krabicka-1g/,https://vivadzen.com/cz/spanek-blueberry-skunk-krabicka-1g,true
https://vivadzen.com/cz/produkt/nature-cure-full-spectrum-raw-cbd-olej-5-10-ml-500-mg/,https://vivadzen.com/cz/nature-cure-full-spectrum-raw-cbd-olej-5-10-ml-500-mg,true
https://vivadzen.com/cz/produkt/nature-cure-full-spectrum-cbd-olej-5-500-mg-10-ml/,https://vivadzen.com/cz/nature-cure-full-spectrum-cbd-olej-5-500-mg-10-ml,true
https://vivadzen.com/cz/produkt/10-oh-hhc-amnezia-haze-kvety/,https://vivadzen.com/cz/10-oh-hhc-amnesia-haze-kvety,true
https://vivadzen.com/cz/produkt/10-oh-hhc-moon-rock/,https://vivadzen.com/cz/50-10-oh-hhc-moon-rock,true
https://vivadzen.com/cz/produkt/pineapple-pie-12-cbd/,https://vivadzen.com/cz/pineapple-pie-12-cbd,true
https://vivadzen.com/cz/produkt/big-bud-18-cbd-1-thc/,https://vivadzen.com/cz/big-bud-18-cbd,true
https://vivadzen.com/cz/produkt/cbd-plutonium/,https://vivadzen.com/cz/cbd-plutonium,true
https://vivadzen.com/cz/produkt/hash-h4cbd/,https://vivadzen.com/cz/hash-h4cbd,true
https://vivadzen.com/cz/produkt/drticky-male/,https://vivadzen.com/cz/drticky-male,true
https://vivadzen.com/cz/produkt/drticky-velke/,https://vivadzen.com/cz/drticky-velke,true
https://vivadzen.com/cz/produkt/papirky-blue-magic-rolls/,https://vivadzen.com/cz/papirky-blue-magic-rolls,true
https://vivadzen.com/cz/produkt/cyclones-hemp-original/,https://vivadzen.com/cz/cyclones-hemp-original,true
https://vivadzen.com/cz/produkt/juicy-jay-liqourice/,https://vivadzen.com/cz/juicy-jay-liqourice,true
https://vivadzen.com/cz/produkt/konopne-royal-blunts/,https://vivadzen.com/cz/konopne-royal-blunts,true
https://vivadzen.com/cz/produkt/papirky-raw/,https://vivadzen.com/cz/papirky-raw-black,true
https://vivadzen.com/cz/produkt/papirky-ocb-slim-premium/,https://vivadzen.com/cz/papirky-ocb-slim-premium,true
https://vivadzen.com/cz/produkt/muchomurka-kralovska-amanita-regalis-prasek/,https://vivadzen.com/cz/muchomurka-kralovska-amanita-regalis-prasek-25g,true
https://vivadzen.com/cz/produkt/muchomurka-tygrovana-amanita-pantherina-prasek/,https://vivadzen.com/cz/muchomurka-tygrovana-amanita-pantherina-prasek-10g,true
https://vivadzen.com/cz/produkt/koralovec-jezaty-mlety/,https://vivadzen.com/cz/koralovec-jezaty-mlety-100g,true
https://vivadzen.com/cz/produkt/cordyceps-militaris-v-kapsli/,https://vivadzen.com/cz/cordyceps-militaris-v-kapsli-50-kapsli-25g,true
https://vivadzen.com/cz/produkt/hliva-kralovska/,https://vivadzen.com/cz/hliva-kralovska-250g,true
https://vivadzen.com/cz/produkt/bong-roor/,https://vivadzen.com/cz/bong-roor,true
https://vivadzen.com/cz/produkt/canntropy-cbd-vape-pen-lime-sorbet-cbd-95-1-ml/,https://vivadzen.com/cz/canntropy-cbd-vape-pen-lime-sorbet-cbd-95-1-ml,true
https://vivadzen.com/cz/produkt/bong-skull/,https://vivadzen.com/cz/bong-skull,true
https://vivadzen.com/cz/produkt/gravity-bong/,https://vivadzen.com/cz/gravity-bong,true
https://vivadzen.com/cz/produkt/mala-sklenicka/,https://vivadzen.com/cz/mala-sklenicka,true
https://vivadzen.com/cz/produkt/sklenice-raw/,https://vivadzen.com/cz/sklenice-raw,true
https://vivadzen.com/cz/produkt/popelnik/,https://vivadzen.com/cz/popelnik,true
https://vivadzen.com/cz/produkt/thc-f1-pre-roll-vertigo/,https://vivadzen.com/cz/thc-f1-pre-roll-vertigo,true
https://vivadzen.com/cz/produkt/cbg9-kvety-mini-buds-1-5-g/,https://vivadzen.com/cz/cbg9-kvety-mini-buds-1-5-g,true
https://vivadzen.com/cz/produkt/cbg9-kvety-jack-herer/,https://vivadzen.com/cz/cbg9-kvety-jack-herer,true
https://vivadzen.com/cz/produkt/zapalovac-prakticky-a-stylovy-doplnek/,https://vivadzen.com/cz/zapalovac,true
https://vivadzen.com/cz/produkt/silikonova-trubka/,https://vivadzen.com/cz/silikonova-dymka,true
https://vivadzen.com/cz/produkt/bong-stredni-velikosti/,https://vivadzen.com/cz/bong-stredni-velikosti-s-modrou-kadi,true
https://vivadzen.com/cz/produkt/cbg9-kvety-amnesia/,https://vivadzen.com/cz/cbg9-kvety-amnesia,true
https://vivadzen.com/cz/produkt/cbg9-kvety-cannio-rock/,https://vivadzen.com/cz/cbg9-kvety-cannio-rock,true
https://vivadzen.com/cz/produkt/cbg9-pre-roll-white-widow/,https://vivadzen.com/cz/cbg9-pre-roll-white-widow,true
https://vivadzen.com/cz/produkt/thc-f1-cartridge-1ml-lime/,https://vivadzen.com/cz/thc-f1-cartridge-1ml-lime,true
https://vivadzen.com/cz/produkt/cbg9-pre-roll-cannio-rock/,https://vivadzen.com/cz/cbg9-pre-roll-cannio-rock,true
https://vivadzen.com/cz/produkt/thc-f1-pre-roll-pandora/,https://vivadzen.com/cz/thc-f1-pre-roll-pandora,true
https://vivadzen.com/cz/produkt/thc-f1-pre-roll-o-g-kush/,https://vivadzen.com/cz/thc-f1-pre-roll-o-g-kush,true
https://vivadzen.com/cz/produkt/thc-f1-pre-roll-skunk-1/,https://vivadzen.com/cz/thc-f1-pre-roll-skunk-1,true
https://vivadzen.com/cz/produkt/cbg9-kvety-ak-47/,https://vivadzen.com/cz/cbg9-kvety-ak-47,true
https://vivadzen.com/cz/produkt/th4c-pre-roll/,https://vivadzen.com/cz/cannio-th4c-pre-roll-citron,true
https://vivadzen.com/cz/produkt/thc-f1-kvety/,https://vivadzen.com/cz/thc-f1-kvety-pandora,true
https://vivadzen.com/cz/produkt/thc-f1-vape-pen-raspberry/,https://vivadzen.com/cz/thc-f1-vape-pen-raspberry,true
https://vivadzen.com/cz/produkt/thc-f1-vape-pen/,https://vivadzen.com/cz/thc-f1-vape-pen-hrozny,true
https://vivadzen.com/cz/produkt/thc-f1-cartridge-1ml-watermelon/,https://vivadzen.com/cz/thc-f1-cartridge-1ml-watermelon,true
https://vivadzen.com/cz/produkt/thc-f1-cartridge-1ml-orange/,https://vivadzen.com/cz/thc-f1-cartridge-1ml-orange,true
https://vivadzen.com/cz/produkt/th4c-vape-pen-passion-fruit/,https://vivadzen.com/cz/th4c-vape-pen-passion-fruit,true
https://vivadzen.com/cz/produkt/cbd-zkittlez-gh-m/,https://vivadzen.com/cz/cbd-zkittlez-gh-m,true
https://vivadzen.com/cz/produkt/th4c-cartridge-1ml/,https://vivadzen.com/cz/th4c-cartridge-1ml-banan-a-jahoda,true
https://vivadzen.com/cz/produkt/th4c-vape-pen-tangerine/,https://vivadzen.com/cz/th4c-vape-pen-tangerine,true
https://vivadzen.com/cz/produkt/th4c-lemon-haze/,https://vivadzen.com/cz/th4c-lemon-haze,true
https://vivadzen.com/cz/produkt/th4c-vape-pen/,https://vivadzen.com/cz/th4c-vape-pen-tangerine,true
https://vivadzen.com/cz/produkt/th4c-vape-pen-cherry/,https://vivadzen.com/cz/th4c-vape-pen-cherry,true
https://vivadzen.com/cz/produkt/goron-tula/,https://vivadzen.com/cz/goron-tula-azanza-garckeana-1ks,true
https://vivadzen.com/cz/produkt/papirky-ripzh/,https://vivadzen.com/cz/papirky-ripzh,true
https://vivadzen.com/cz/produkt/th4c-strawberry-kush/,https://vivadzen.com/cz/th4c-strawberry-kush,true
https://vivadzen.com/cz/produkt/cinsky-pu-erh-yunnan-shen-pu-erh-vzorky-5-g/,https://vivadzen.com/cz/cinsky-pu-erh-1-ks,true
https://vivadzen.com/cz/produkt/justicia-carnea-blood-plant-susene-listy/,https://vivadzen.com/cz/justicia-carnea-blood-plant-susene-listy-25g,true
https://vivadzen.com/cz/produkt/horke-listy-vernonia-amygdalina/,https://vivadzen.com/cz/mlete-horke-listy-vernonia-amygdalina-25g,true
https://vivadzen.com/cz/produkt/cha-hua-shi-neboli-zlomene-stribro/,https://vivadzen.com/cz/cha-hua-shi-zlomene-stribro-50g,true
https://vivadzen.com/cz/produkt/cha-hua-shi-neboli-zlomene-stribro-v-darkovem-baleni/,https://vivadzen.com/cz/cha-hua-shi-zlomene-stribro-50g,true
https://vivadzen.com/cz/produkt/pruhovany-caj-s-chryzantemou-a-zralym-cajem/,https://vivadzen.com/cz/pu-erh-pruhovany-s-jasminem-50g,true
https://vivadzen.com/cz/produkt/arbor-mini-brick-tuo-caj/,https://vivadzen.com/cz/pu-erh-arbor-50g,true
https://vivadzen.com/cz/produkt/pruhovany-caj-s-jasminem/,https://vivadzen.com/cz/pu-erh-pruhovany-s-jasminem-50g,true
https://vivadzen.com/cz/produkt/pruhovany-originalni-caj/,https://vivadzen.com/cz/pu-erh-pruhovany-s-jasminem-50g,true
https://vivadzen.com/cz/produkt/mini-tuo-pu-erh-caj-glutina-aroma/,https://vivadzen.com/cz/palmero-mini-blueberry-2x-palm-leaf-wraps-0-8g,true
https://vivadzen.com/cz/produkt/pu-ehr-mini-tuo-jasminova-prichut/,https://vivadzen.com/cz/pu-erh-yunnan-shen-pu-erh-50g,true
https://vivadzen.com/cz/produkt/koralovec-jezaty/,https://vivadzen.com/cz/koralovec-jezaty-cela-houba-100g,true
https://vivadzen.com/cz/produkt/mini-tuo-tea-dragon-ball-bily-caj/,https://vivadzen.com/cz/palmero-mini-blueberry-2x-palm-leaf-wraps-0-8g,true
https://vivadzen.com/cz/produkt/cbd-bonzai/,https://vivadzen.com/cz/cbd-bonzai-5g,true
https://vivadzen.com/cz/produkt/cbd-amnezia/,https://vivadzen.com/cz/cbd-amnezia-5g,true
https://vivadzen.com/cz/produkt/cbd-highdi-2/,https://vivadzen.com/cz/cbd-highdi-5g,true
https://vivadzen.com/cz/produkt/cbd-highdi/,https://vivadzen.com/cz/cbd-highdi-5g,true
https://vivadzen.com/cz/produkt/shen-pu-erh-yunnan/,https://vivadzen.com/cz/pu-erh-yunnan-shen-pu-erh-50g,true
https://vivadzen.com/cz/produkt/orech-kola/,https://vivadzen.com/cz/mlete-orechy-kola-1000g,true
https://vivadzen.com/cz/produkt/anchan-modry-caj/,https://vivadzen.com/cz/ancan-modry-caj-10g,true
https://vivadzen.com/cz/produkt/zeleny-caj-tie-guan-yin/,https://vivadzen.com/cz/zeleny-caj-tie-guan-yin-1000g,true
https://vivadzen.com/cz/produkt/cerveny-caj-da-hong-pao/,https://vivadzen.com/cz/cerveny-caj-da-hong-pao-100g,true
https://vivadzen.com/cz/produkt/bylinny-caj-alpske-louky/,https://vivadzen.com/cz/bylinny-caj-alpske-louky-1000g,true
https://vivadzen.com/cz/produkt/rooibos-africky-caj/,https://vivadzen.com/cz/rooibos-africky-caj-1000g,true
https://vivadzen.com/cz/produkt/mate-paraguaysky-napoj/,https://vivadzen.com/cz/mate-paraguaysky-napoj-1000g,true
https://vivadzen.com/cz/produkt/guarana-prasek/,https://vivadzen.com/cz/guarana-prasek-1000g,true
https://vivadzen.com/cz/produkt/griffonia-seminka/,https://vivadzen.com/cz/griffonia-seminka-1000g,true
https://vivadzen.com/cz/produkt/kava-kava-borongoru-noble-cultivar/,https://vivadzen.com/cz/kava-kava-borongoru-noble-cultivar-50g,true
https://vivadzen.com/cz/produkt/kava-kava-melo-melo-noble-cultivar/,https://vivadzen.com/cz/kava-kava-melo-melo-noble-cultivar-50g,true
https://vivadzen.com/cz/produkt/ccell-baterie/,https://vivadzen.com/cz/ccell-m3-baterie,true
https://vivadzen.com/cz/produkt/cannastra-vape-pen-blueberry-android/,https://vivadzen.com/cz/cannastra-10-oh-hhc-vape-pen-blueberry-android-10-oh-hhc-97-quality-1ml,true
https://vivadzen.com/cz/produkt/canntropy-cbd-vape-pen-candy-cane-kush-cbd-95-1-ml/,https://vivadzen.com/cz/canntropy-cbd-vape-pen-candy-cane-kush-cbd-95-1-ml,true
https://vivadzen.com/cz/produkt/originalni-mini-tuo-caj/,https://vivadzen.com/cz/shen-pu-erh-mini-original-50g,true
https://vivadzen.com/cz/produkt/kava-kava-damu-noble-cultivar/,https://vivadzen.com/cz/kava-kava-damu-noble-cultivar-50g,true
https://vivadzen.com/cz/produkt/muscimol-tincture-150mg/,https://vivadzen.com/cz/muscimol-tincture-150mg,true
https://vivadzen.com/cz/produkt/caj-pu-erh-s-lepkavou-vuni/,https://vivadzen.com/cz/bylinny-caj-alpske-louky-1000g,true
https://vivadzen.com/cz/produkt/califarms-thc-x-live-resin-cartrige-1-ml-ruzne-druhy/,https://vivadzen.com/cz/califarms-thc-x-live-resin-cartrige-1-ml-ruzne-druhy,true
https://vivadzen.com/cz/produkt/rape/,https://vivadzen.com/cz/rape-guarumo,true
https://vivadzen.com/cz/produkt/akuamma-strouhana-semena/,https://vivadzen.com/cz/akuamma-strouhana-semena-10g,true
https://vivadzen.com/cz/produkt/argyreia-nervosa-baby-hawaiian-woodrose/,https://vivadzen.com/cz/argyreia-nervosa-5ks,true
https://vivadzen.com/cz/produkt/canntropy-cbd-vape-pen-sugar-cookie-cbd-95-1-ml/,https://vivadzen.com/cz/canntropy-cbd-vape-pen-sugar-cookie-cbd-95-1-ml,true
https://vivadzen.com/cz/produkt/pu-erh-v-mandarince/,https://vivadzen.com/cz/pu-erh-yunnan-shen-pu-erh-50g,true
https://vivadzen.com/cz/produkt/banisteriopsis-caapi-vine/,https://vivadzen.com/cz/banisteriopsis-caapi-vine-100g,true
https://vivadzen.com/cz/produkt/mlete-koreny-kava-kava/,https://vivadzen.com/cz/mlete-koreny-kava-kava-1000g,true
https://vivadzen.com/cz/produkt/muchomurka-cervena-amanita-muscaria-prasek/,https://vivadzen.com/cz/muchomurka-cervena-amanita-muscaria-prasek-50g,true
https://vivadzen.com/cz/produkt/pure-matcha-a/,https://vivadzen.com/cz/pure-matcha-a-100g,true
https://vivadzen.com/cz/produkt/canntropy-h4cbd-premium-cannabinoid-oil-50-5000-mg-10-ml/,https://vivadzen.com/cz/canntropy-h4cbd-premium-cannabinoid-oil-50-5000-mg-10-ml,true
https://vivadzen.com/cz/produkt/zen-cbd-drink-70-mg-60-ml/,https://vivadzen.com/cz/zen-cbd-drink-70-mg-60-ml-jahoda,true
https://vivadzen.com/cz/produkt/cannabis-bakehouse-cbd-power-sleep-gummies-300-mg-20-pcs-x-15-mg-cbd/,https://vivadzen.com/cz/cannabis-bakehouse-cbd-power-sleep-gummies-300-mg-20-pcs-x-15-mg-cbd,true
https://vivadzen.com/cz/produkt/zenbud-balls/,https://vivadzen.com/cz/zenbud-balls-classic,true
https://vivadzen.com/cz/produkt/califarms-thc-x-1-ml/,https://vivadzen.com/cz/califarms-thc-x-live-resin-cartrige-1-ml-ruzne-druhy,true
https://vivadzen.com/cz/produkt/cannio-thhc-kvety/,https://vivadzen.com/cz/cannio-thhc-kvety-hardcore,true
https://vivadzen.com/cz/produkt/thc-x-strawberry-gelato/,https://vivadzen.com/cz/thc-x-strawberry-gelato,true
https://vivadzen.com/cz/produkt/akuamma-strouhana-seminka-v-kapslich/,https://vivadzen.com/cz/akuamma-strouhana-seminka-v-kapslich-50-kapsli-30g,true
https://vivadzen.com/cz/produkt/euphoria-10-oh-hhc-disposable-vape-pen-95-10-oh-hhc-2-ml/,https://vivadzen.com/cz/euphoria-10-oh-hhc-disposable-vape-pen-95-10-oh-hhc-2-ml-gelato,true
https://vivadzen.com/cz/produkt/canapuff-10-oh-hhc-pen-cartridge-donny-burger/,https://vivadzen.com/cz/canapuff-10-oh-hhc-pen-cartridge-donny-burger,true
https://vivadzen.com/cz/produkt/muchomurka-cervena-amanita-muscaria-susene-cepicky/,https://vivadzen.com/cz/muchomurka-cervena-amanita-muscaria-susene-cepicky-25g,true
https://vivadzen.com/cz/produkt/canapuff-10-oh-hhc-gummies/,https://vivadzen.com/cz/canapuff-10-oh-hhc-gummies-cherry,true
https://vivadzen.com/cz/produkt/thc-x-strawberry-gelato-pre-roll/,https://vivadzen.com/cz/thc-x-strawberry-gelato-pre-roll,true
https://vivadzen.com/cz/produkt/amanita-muscaria-jelly/,https://vivadzen.com/cz/amanita-muscaria-jelly,true
https://vivadzen.com/cz/produkt/speed-gummies/,https://vivadzen.com/cz/speed-gummies,true
https://vivadzen.com/cz/produkt/dnx-party-pills/,https://vivadzen.com/cz/dnx-party-pills-happy-party-caps-smart-x,true
https://vivadzen.com/cz/produkt/cbd-bubba_kush/,https://vivadzen.com/cz/cbd-bubba-kush,true
https://vivadzen.com/cz/produkt/thc-x-cheesecake/,https://vivadzen.com/cz/thc-x-cheesecake-kvety,true
https://vivadzen.com/cz/produkt/kanna-susena-rostlina/,https://vivadzen.com/cz/kanna-sceletium-tortuosum-susena-rostlina-1g,true
https://vivadzen.com/cz/produkt/nano10-ultra-pink-kvety/,https://vivadzen.com/cz/nano10-ultra-pink-kvety-1g,true
https://vivadzen.com/ua/produkt/kava-indiia-plantation-250h/,https://vivadzen.com/ua/kava-tanzaniya-edelweis-est-250g-melena,true
https://vivadzen.com/ua/produkt/canntropy-cbd-vape-pen-sugar-cookie-cbd-95-1-ml/,https://vivadzen.com/ua/canntropy-cbd-vape-pen-sugar-cookie-cbd-95-1-ml,true
https://vivadzen.com/ua/produkt/crispy-gari/,https://vivadzen.com/ua/crispy-gari,true
https://vivadzen.com/ua/produkt/cbd-oliya-relax-happease/,https://vivadzen.com/ua/cannaline-cbd-tea-memory-30g,true
https://vivadzen.com/ua/produkt/kava-el-salvador-250h/,https://vivadzen.com/ua/kava-tanzaniya-edelweis-est-250g-melena,true
https://vivadzen.com/ua/produkt/kava-raunda-musho-250h/,https://vivadzen.com/ua/kava-tanzaniya-edelweis-est-250g-melena,true
https://vivadzen.com/ua/produkt/kava-peru-san-ignacio-250g/,https://vivadzen.com/ua/kava-peru-san-ignacio-250g-melena,true
https://vivadzen.com/ua/produkt/kava-kosta-rika-chirripo-250h/,https://vivadzen.com/ua/kava-tanzaniya-edelweis-est-250g-melena,true
https://vivadzen.com/ua/produkt/kava-keniya-250g/,https://vivadzen.com/ua/kava-keniya-250g-melena,true
https://vivadzen.com/ua/produkt/lodyaniki-mushroom-lolly-10-g/,https://vivadzen.com/ua/lodyaniki-mushroom-lolly-10-g-10g,true
https://vivadzen.com/ua/produkt/canntropy-cbd-vape-tangie-sunrise-cbd/,https://vivadzen.com/ua/canntropy-cbd-vape-pen-tangie-sunrise-cbd-95-1-ml-tangie-sunrise,true
https://vivadzen.com/ua/produkt/hemnia-cbd-oil-20-thc-free-2000-mg-10-ml/,https://vivadzen.com/ua/hemnia-cbd-oil-20-thc-free-2000-mg-10-ml,true
https://vivadzen.com/ua/produkt/hemnia-full-spectrum-cbd-mct-10-1000mg/,https://vivadzen.com/ua/hemnia-full-spectrum-cbd-mct-coconut-oil-10-1000mg-green-tea-10-ml-10,true
https://vivadzen.com/ua/produkt/euphoria-full-spectrum-oil-super-strong-20-10-ml-2000-mg/,https://vivadzen.com/ua/euphoria-full-spectrum-oil-super-strong-20-10-ml-2000-mg-20,true
https://vivadzen.com/ua/produkt/euphoria-full-spectrum-oil-super-strong-20-10-ml-2000-mg-2/,https://vivadzen.com/ua/euphoria-full-spectrum-oil-super-strong-20-10-ml-2000-mg-20,true
https://vivadzen.com/ua/produkt/euphoria-5-mind-relax-ml-500-mg/,https://vivadzen.com/ua/euphoria-cbd-oil-5-with-terpenes-10-ml-500-mg-mind-relax-5,true
https://vivadzen.com/ua/produkt/euphoria-cbd-oil-10-with-terpenes-10-ml-1000-mg-anti-stress/,https://vivadzen.com/ua/euphoria-cbd-10-oil-with-terpenes-10-ml-1000-mg-sleep-well-10,true
https://vivadzen.com/ua/produkt/euphoria-cbd-10-oil-with-terpenes-10-ml-1000-mg-sleep-well/,https://vivadzen.com/ua/euphoria-cbd-10-oil-with-terpenes-10-ml-1000-mg-sleep-well-10,true
https://vivadzen.com/ua/produkt/nature-cure-cbd-oil-10-full-spectrum-10-ml-1000-mg/,https://vivadzen.com/ua/nature-cure-full-spectrum-cbd-oil-10-1000-mg-10-ml-10,true
https://vivadzen.com/ua/produkt/harmony-cbd-spray-15-15ml-1500-mg-citrus/,https://vivadzen.com/ua/harmony-cbd-spray-oil-1500-mg-15-ml-citrus-15,true
https://vivadzen.com/ua/produkt/cbd-sport-massage-gel/,https://vivadzen.com/ua/cannabellum-cbd-sport-massage-gel-200-ml,true
https://vivadzen.com/ua/produkt/cannabigold-oil-best-10-9-cbd-1-cbg-1200-mg-12-ml/,https://vivadzen.com/ua/cannabigold-oil-best-10-9-cbd-1-cbg-1200-mg-12-ml,true
https://vivadzen.com/ua/produkt/euphoria-cbd-oil-10-full-spectrum-strong-10ml-1000-mg/,https://vivadzen.com/ua/euphoria-cbd-oil-10-full-spectrum-strong-10ml-1000-mg,true
https://vivadzen.com/ua/produkt/cannaline-cbd-tea-relax-30-g/,https://vivadzen.com/ua/cannaline-cbd-tea-relax-30-g,true
https://vivadzen.com/ua/produkt/cannaline-cbd-tea-immunity-30-g/,https://vivadzen.com/ua/cannaline-cbd-tea-immunity-30-g,true
https://vivadzen.com/ua/produkt/cannaline-cbd-tea-memory-30g/,https://vivadzen.com/ua/cannaline-cbd-tea-memory-30g,true
https://vivadzen.com/ua/produkt/aeuphoria-cbd-vape-pen-ice-watermelon-2-ml/,https://vivadzen.com/ua/euphoria-cbd-vape-pen-ice-watermelon-2-ml-watermelon,true
https://vivadzen.com/ua/produkt/shen-puer-yunnan/,https://vivadzen.com/ua/shen-pu-erh-mini-original-50g,true
https://vivadzen.com/ua/produkt/banisteriopsis-caapi-vine/,https://vivadzen.com/ua/banisteriopsis-caapi-vine-100g,true
https://vivadzen.com/ua/produkt/ashvaganda-%d1%8dkstrakt-10-kapsul%d1%8b-50-g/,https://vivadzen.com/ua/ashwaganda-50g,true
https://vivadzen.com/ua/produkt/dawadawa/,https://vivadzen.com/ua/dawadawa-25g,true
https://vivadzen.com/ua/produkt/kava-brazyliia-santos-250h/,https://vivadzen.com/ua/kava-tanzaniya-edelweis-est-250g-melena,true
https://vivadzen.com/ua/produkt/dragon-ball-bilij-chaj/,https://vivadzen.com/ua/dragon-ball-biliy-chay-50g,true
https://vivadzen.com/ua/produkt/shu-puer-z-zhasminom-yunnan/,https://vivadzen.com/ua/shu-puer-z-zhasminom-yunnan-25g,true
https://vivadzen.com/ua/produkt/euphoria-cbd-disposable-vape-pen-cactus-lemon-2-ml/,https://vivadzen.com/ua/euphoria-cbd-disposable-vape-pen-cactus-lemon-2-ml,true
https://vivadzen.com/ua/produkt/cordyceps-militaris-poroshok/,https://vivadzen.com/ua/kordiceps-cordyceps-militaris-poroshok-25g,true
https://vivadzen.com/ua/produkt/mate-paraguaysky-napoj/,https://vivadzen.com/ua/mate-paraguaysky-napoj-1000g,true
https://vivadzen.com/ua/produkt/cordyceps-v-kaplsi/,https://vivadzen.com/ua/kordiceps-kapsuli-cordyceps-militaris-100-kapsul,true
https://vivadzen.com/ua/produkt/kava-kolumbiia-supremo-250g/,https://vivadzen.com/ua/kava-tanzaniya-edelweis-est-250g-melena,true
https://vivadzen.com/ua/produkt/kava-tanzanyia-edelweis-est-250h/,https://vivadzen.com/ua/kava-tanzaniya-edelweis-est-250g-melena,true
https://vivadzen.com/ua/produkt/hemnia-cbd-oil-30-thc-free-3000-mg-10-ml/,https://vivadzen.com/ua/hemnia-cbd-oil-30-thc-free-3000-mg-10-ml,true
https://vivadzen.com/ua/produkt/euphoria-cbd-disposable-vape-pen-cactus-lemon-2-ml-2/,https://vivadzen.com/ua/euphoria-cbd-vape-pen-heisenberg-2-ml-heisenberg,true
https://vivadzen.com/ua/produkt/akuamma-kapsuli/,https://vivadzen.com/ua/akuamma-kapsuli-500mg-50-sht,true
https://vivadzen.com/ua/produkt/ashvaganda-kapsuli/,https://vivadzen.com/ua/ashvaganda-kapsuli-100-sht,true
https://vivadzen.com/ua/produkt/griffonia/,https://vivadzen.com/ua/griffonia-seminka-1000g,true
https://vivadzen.com/ua/produkt/kava-kava-ridkyi-ekstrakt/,https://vivadzen.com/ua/kava-tanzaniya-edelweis-est-250g-melena,true
https://vivadzen.com/ua/produkt/ekstrakt-zhenshenyu-poroshok-101/,https://vivadzen.com/ua/ekstrakt-zhenshenyu-poroshok-10-1-10g,true
https://vivadzen.com/ua/produkt/canntropy-cbd-vape-pen-lime-sorbet-cbd-95-1-ml/,https://vivadzen.com/ua/canntropy-cbd-vape-pen-lime-sorbet-cbd-95-1-ml,true
https://vivadzen.com/ua/produkt/agushie-powder/,https://vivadzen.com/ua/agushie-powder-500g,true
https://vivadzen.com/ua/produkt/guarana-shot-watermelon-60ml/,https://vivadzen.com/ua/guarana-shot-60ml-kavun,true
https://vivadzen.com/ua/produkt/kava-hvatemala-huehuetenango-shg-ep-250h/,https://vivadzen.com/ua/kava-tanzaniya-edelweis-est-250g-melena,true
https://vivadzen.com/ua/produkt/rape/,https://vivadzen.com/ua/rape-guarumo,true
https://vivadzen.com/ua/produkt/amanita-muscaria-zhelejki-z-musczimolom/,https://vivadzen.com/ua/muhomor-korolivskiy-amanita-regalis-poroshok-25g,true
https://vivadzen.com/ua/produkt/ashvaganda/,https://vivadzen.com/ua/ashvaganda-ashwagandha-50g,true
https://vivadzen.com/ua/produkt/kanna-afrikanska/,https://vivadzen.com/ua/kanna-afrikanska-1g,true
https://vivadzen.com/ua/produkt/ekstrakt-tongkat-ali/,https://vivadzen.com/ua/ekstrakt-tongkat-ali-10g,true
https://vivadzen.com/ua/produkt/tonhkat-ali-kapsuly/,https://vivadzen.com/ua/tongkat-ali-extract,true
https://vivadzen.com/ua/produkt/kava-kava-piper-methysticum/,https://vivadzen.com/ua/kava-kava-piper-methysticum-25g,true
https://vivadzen.com/ua/produkt/koridalis/,https://vivadzen.com/ua/koridalis-yan-hu-suo-meleniy-korin-25g,true
https://vivadzen.com/ua/produkt/akuamma/,https://vivadzen.com/ua/akuamma-strouhana-semena-10g,true
